Date,HD
01-02-26,null
02-02-26,null
03-02-26,null
04-02-26,null
05-02-26,null
06-02-26,null
07-02-26,null
08-02-26,null
09-02-26,null
10-02-26,null
11-02-26,null
12-02-26,null
13-02-26,null
14-02-26,null
15-02-26,null
16-02-26,null
17-02-26,null
18-02-26,null
19-02-26,null
20-02-26,null
21-02-26,null
22-02-26,null
23-02-26,null
24-02-26,null
25-02-26,null
26-02-26,null
27-02-26,null
28-02-26,null
01-03-26,null
02-03-26,null
03-03-26,null
04-03-26,null
05-03-26,null
06-03-26,null
07-03-26,null
08-03-26,null
09-03-26,null
10-03-26,null
11-03-26,null
12-03-26,null
13-03-26,null
14-03-26,null
15-03-26,null
16-03-26,null
17-03-26,null
18-03-26,null
19-03-26,null
20-03-26,null
21-03-26,null
22-03-26,null
23-03-26,null
24-03-26,null
25-03-26,null
26-03-26,null
27-03-26,null
28-03-26,null
29-03-26,null
30-03-26,null
31-03-26,null
01-04-26,null
02-04-26,null
03-04-26,null
04-04-26,null
05-04-26,null
06-04-26,null
07-04-26,null
08-04-26,null
09-04-26,null
10-04-26,null
11-04-26,null
12-04-26,null
13-04-26,null
14-04-26,null
15-04-26,null
16-04-26,null
17-04-26,null
18-04-26,null
19-04-26,null
20-04-26,null
21-04-26,null
22-04-26,null
23-04-26,null
24-04-26,null
25-04-26,null
26-04-26,null
27-04-26,null
28-04-26,null
29-04-26,null
30-04-26,null
01-05-26,null
02-05-26,null
03-05-26,null
04-05-26,null
05-05-26,null
06-05-26,null
07-05-26,null
08-05-26,null
09-05-26,null
10-05-26,null
11-05-26,null
12-05-26,null
13-05-26,null
14-05-26,null
15-05-26,null
16-05-26,null
17-05-26,null
18-05-26,null
19-05-26,null
20-05-26,null
21-05-26,null
22-05-26,null
23-05-26,null
24-05-26,null
25-05-26,null
26-05-26,null
27-05-26,null
28-05-26,null
29-05-26,null
30-05-26,null
31-05-26,null
